SS ID,Strike,Dip Direction,Dip,Rake,Length (km),Width (km),Min Depth (km),Max Depth (km),Rupture Area,Average slip (m),Mw (W&C94),Mw (K&A),M0 (Nm),LonA,LatA,LonB,LatB,Lon1,Lat1,Lon2,Lat2,Lon3,Lat3,Lon4,Lat4,Slip rate
4.0,301.0,31.0,50.0,300.0,43.0,21.0,0.0,16.1,903.0,1.2,6.9,6.9,3.25e+19,23.7481,39.1962,23.3198,39.3954,23.7481,39.1962,23.3198,39.3954,23.4005,39.4994,23.8291,39.3003,
5.0,54.0,144.0,77.0,205.0,49.5,12.5,0.0,12.2,618.7,1.17,6.8,6.8,2.17e+19,23.9659,39.8832,24.4361,40.1448,23.9659,39.8832,24.4361,40.1448,24.4555,40.1244,23.9853,39.8627,
6.0,102.0,192.0,50.0,270.0,49.0,23.0,0.0,17.6,1127.0,1.35,7.0,7.0,4.56503e+19,23.3688,39.9464,23.9306,39.8548,23.3688,39.9464,23.9306,39.8548,23.8944,39.7247,23.333,39.8164,
7.0,272.0,2.0,50.0,270.0,40.0,20.0,0.0,15.3,800.0,1.13,6.9,6.9,2.7e+19,23.8443,39.4506,23.3786,39.4632,23.8443,39.4506,23.3786,39.4632,23.3837,39.5787,23.8497,39.5662,
8.0,286.0,16.0,60.0,250.0,22.0,14.0,0.0,12.1,308.0,0.68,6.5,6.5,6.27e+18,25.7066,40.4722,25.4565,40.5267,25.7066,40.4722,25.4565,40.5267,25.4792,40.5872,25.7295,40.5327,
9.0,258.0,348.0,55.0,250.0,31.0,16.5,0.0,13.5,511.5,0.89,6.7,6.7,1.36e+19,26.5357,41.6114,26.1711,41.5535,26.5357,41.6114,26.1711,41.5535,26.1473,41.6367,26.5121,41.6947,
10.0,107.0,197.0,55.0,280.0,28.0,15.5,0.0,12.7,434.0,0.81,6.6,6.6,1.05e+19,25.4516,41.1675,25.7713,41.0939,25.4516,41.1675,25.7713,41.0939,25.7402,41.0174,25.4206,41.0911,
11.0,70.0,160.0,50.0,245.0,31.0,16.5,0.0,12.6,511.5,0.89,6.7,6.7,1.37e+19,25.214,41.1217,25.562,41.2171,25.214,41.1217,25.562,41.2171,25.6052,41.1274,25.2574,41.0321,
12.0,95.0,185.0,50.0,265.0,27.0,15.0,0.0,11.5,405.0,0.78,6.6,6.6,9.48e+18,24.8928,41.1427,25.214,41.1215,24.8928,41.1427,25.214,41.1215,25.2038,41.0351,24.8829,41.0563,
13.0,54.0,144.0,50.0,225.0,42.0,20.5,0.0,15.7,861.0,1.17,6.9,6.9,3.02e+19,24.4836,40.9195,24.8887,41.1415,24.4836,40.9195,24.8887,41.1415,24.9809,41.0456,24.5759,40.8236,
14.0,59.0,149.0,50.0,225.0,46.0,22.0,0.0,16.9,1012.0,1.28,7.0,7.0,3.87e+19,24.0486,40.69,24.517,40.903,24.0486,40.69,24.517,40.903,24.6033,40.794,24.1352,40.581,
15.0,95.0,185.0,50.0,275.0,45.0,21.5,0.0,16.5,967.5,1.25,7.0,7.0,3.63e+19,23.8054,41.2165,24.3412,41.1813,23.8054,41.2165,24.3412,41.1813,24.3265,41.0575,23.7912,41.0927,
16.0,89.0,179.0,55.0,270.0,23.0,13.5,0.0,11.1,310.5,0.68,6.5,6.5,6.35e+18,23.4688,41.1044,23.7432,41.108,23.4688,41.1044,23.7432,41.108,23.7448,41.0384,23.4705,41.0348,
17.0,139.0,229.0,60.0,315.0,23.0,13.5,0.0,11.7,310.5,0.68,6.5,6.5,6.33e+18,23.6892,41.1044,23.8691,40.9483,23.6892,41.1044,23.8691,40.9483,23.8084,40.9085,23.6285,41.0646,
18.0,90.0,180.0,65.0,290.0,38.0,19.0,0.0,17.2,722.0,1.07,6.8,6.8,2.31e+19,23.6088,40.5206,24.0584,40.5206,23.6088,40.5206,24.0584,40.5206,24.0583,40.4484,23.6089,40.4484,
19.0,285.0,15.0,60.0,290.0,27.0,15.0,0.0,13.0,405.0,0.78,6.6,6.6,9.54e+18,24.0034,40.1438,23.6965,40.2067,24.0034,40.1438,23.6965,40.2067,23.7193,40.2718,24.0264,40.209,
20.0,90.0,180.0,45.0,270.0,56.0,25.0,0.0,17.7,1400.0,1.51,7.1,7.1,6.34e+19,22.7162,41.2988,23.3865,41.2988,22.7162,41.2988,23.3865,41.2988,23.3861,41.1398,22.7166,41.1398,
21.0,287.0,17.0,55.0,280.0,23.0,13.5,0.0,11.1,310.5,0.68,6.5,6.5,6.35e+18,23.6277,40.6053,23.367,40.6657,23.6277,40.6053,23.367,40.6657,23.3938,40.7323,23.6546,40.6719,
22.0,272.0,2.0,45.0,270.0,23.0,13.5,0.0,9.5,310.5,0.68,6.5,6.5,6.35e+18,23.3811,40.6414,23.1086,40.6486,23.3811,40.6414,23.1086,40.6486,23.1125,40.7344,23.3851,40.7272,
23.0,313.0,43.0,50.0,310.0,22.0,13.0,0.0,10.0,286.0,0.65,6.4,6.4,5.6e+18,23.1099,40.6441,22.919,40.7791,23.1099,40.6441,22.919,40.7791,22.9866,40.834,23.1775,40.6991,
24.0,286.0,16.0,40.0,280.0,23.0,13.5,0.0,8.7,310.5,0.68,6.5,6.5,6.33e+18,23.2739,40.4368,23.0125,40.4938,23.2739,40.4368,23.0125,40.4938,23.0462,40.5832,23.3077,40.5262,
25.0,272.0,2.0,40.0,270.0,22.0,13.0,0.0,8.4,286.0,0.65,6.4,6.4,5.577e+18,23.0153,40.4966,22.7553,40.5036,23.0153,40.4966,22.7553,40.5036,22.7593,40.5931,23.0195,40.5862,
26.0,57.0,147.0,50.0,270.0,27.0,15.0,0.0,11.5,405.0,0.78,6.6,6.6,9.54e+18,21.8911,40.9623,22.1611,41.0945,21.8911,40.9623,22.1611,41.0945,22.2236,41.0218,21.9538,40.8896,
27.0,50.0,140.0,50.0,260.0,32.0,17.0,0.0,13.0,544.0,0.92,6.7,6.7,1.5e+19,21.4704,40.6155,21.7612,40.8005,21.4704,40.6155,21.7612,40.8005,21.8445,40.7252,21.5537,40.5402,
28.0,28.0,118.0,60.0,240.0,25.5,14.5,0.0,12.6,369.8,0.75,6.5,6.5,8.3e+18,21.6831,40.6469,21.8252,40.8493,21.6831,40.6469,21.8252,40.8493,21.9012,40.8187,21.759,40.6162,
29.0,215.0,305.0,60.0,245.0,32.0,17.0,0.0,14.7,544.0,0.92,6.7,6.7,1.5e+19,21.8809,40.6848,21.6636,40.449,21.8809,40.6848,21.6636,40.449,21.5812,40.4929,21.7984,40.7286,
30.0,262.0,352.0,45.0,270.0,24.0,14.0,0.0,9.9,336.0,0.71,6.5,6.5,7.16e+18,22.551,40.5083,22.2699,40.4783,22.551,40.5083,22.2699,40.4783,22.2535,40.5664,22.5348,40.5965,
32.0,235.0,325.0,40.0,265.0,27.0,15.0,0.0,9.6,405.0,0.78,6.6,6.6,9.54e+18,22.1513,40.2821,21.8909,40.1429,22.1513,40.2821,21.8909,40.1429,21.8132,40.2275,22.0737,40.3668,
32.0,242.0,332.0,38.0,269.0,32.0,17.0,0.0,10.5,544.0,0.92,6.7,6.7,1.5e+19,21.8795,40.1397,21.5475,40.0045,21.8795,40.1397,21.5475,40.0045,21.4734,40.1109,21.8056,40.246,
33.0,292.0,22.0,45.0,290.0,22.0,13.0,0.0,9.2,286.0,0.65,6.4,6.4,5.6e+18,22.8184,39.8406,22.5793,39.9148,22.8184,39.8406,22.5793,39.9148,22.6197,39.9914,22.8588,39.9173,
34.0,108.0,198.0,60.0,270.0,19.5,13.0,0.0,11.3,253.5,0.61,6.4,6.4,4.66e+18,22.2243,39.8486,22.4415,39.7945,22.2243,39.8486,22.4415,39.7945,22.4179,39.7389,22.2008,39.7931,
35.0,284.0,14.0,55.0,270.0,22.0,13.0,0.0,10.6,286.0,0.65,6.4,6.4,5.58e+18,22.4656,39.6207,22.2163,39.6685,22.4656,39.6207,22.2163,39.6685,22.2373,39.7336,22.4867,39.6857,
36.0,310.0,40.0,40.0,271.0,31.0,16.5,3.0,13.6,511.5,0.89,6.7,6.7,1.36e+19,22.1838,39.6108,21.9062,39.79,22.2107,39.6354,21.933,39.8146,22.0281,39.9017,22.3058,39.7225,
37.0,84.0,174.0,45.0,260.0,46.5,22.0,0.0,15.6,1023.0,1.28,7.0,7.0,3.94e+19,22.6119,39.2688,23.1492,39.3126,22.6119,39.2688,23.1492,39.3126,23.1678,39.1734,22.631,39.1297,
38.0,95.0,185.0,45.0,270.0,22.0,13.0,0.0,9.2,286.0,0.65,6.4,6.4,5.58e+18,22.5468,39.3566,22.8016,39.3394,22.5468,39.3566,22.8016,39.3394,22.7922,39.257,22.5375,39.2743,
39.0,99.0,189.0,55.0,270.0,20.0,13.0,0.0,10.6,260.0,0.62,6.4,6.4,4.84e+18,22.3755,39.3575,22.6052,39.3293,22.3755,39.3575,22.6052,39.3293,22.5916,39.2631,22.362,39.2912,
40.0,288.0,18.0,45.0,285.0,31.0,16.5,0.0,11.7,511.5,0.89,6.7,6.7,1.36e+19,22.2842,39.147,21.9421,39.2332,22.2842,39.147,21.9421,39.2332,21.9839,39.333,22.3262,39.2468,
42.0,130.0,220.0,60.0,300.0,40.0,20.0,0.0,17.3,800.0,1.13,6.9,6.9,2.7e+19,23.1389,38.8588,23.4922,38.6276,23.1389,38.8588,23.4922,38.6276,23.4181,38.5587,23.0648,38.7899,
43.0,281.0,11.0,45.0,280.0,38.0,19.0,0.0,13.4,722.0,1.07,6.8,6.8,2.31e+19,22.4711,38.8524,22.0401,38.9176,22.4711,38.8524,22.0401,38.9176,22.0696,39.0362,22.5009,38.971,
44.0,281.0,11.0,45.0,280.0,49.5,23.0,0.0,16.3,1138.5,1.36,7.0,7.0,4.64e+19,23.0643,38.7255,22.5039,38.8105,23.0643,38.7255,22.5039,38.8105,22.5394,38.954,23.1004,38.8691,
45.0,295.0,25.0,45.0,280.0,38.0,19.0,0.0,13.4,722.0,1.07,6.8,6.8,2.31e+19,23.3011,38.5506,22.9047,38.6951,23.3011,38.5506,22.9047,38.6951,22.97,38.8046,23.3666,38.6601,
46.0,306.0,36.0,50.0,295.0,27.0,15.0,0.0,11.5,405.0,0.78,6.6,6.6,9.54e+18,23.5536,38.4169,23.3026,38.5597,23.5536,38.4169,23.3026,38.5597,23.3677,38.6298,23.6187,38.4871,
47.0,287.0,17.0,50.0,280.0,30.0,16.0,0.0,12.3,480.0,0.86,6.7,6.7,1.24e+19,23.9474,38.2875,23.6186,38.3663,23.9474,38.2875,23.6186,38.3663,23.653,38.4548,23.982,38.3759,
49.0,275.0,5.0,50.0,270.0,35.0,18.0,0.0,13.8,630.0,0.99,6.8,6.8,1.87e+19,24.1783,38.6839,23.7765,38.7114,24.1783,38.6839,23.7765,38.7114,23.788,38.815,24.19,38.7876,
55.0,313.0,43.0,44.0,304.0,24.0,14.0,0.0,9.7,336.0,0.53,6.5,6.4,5.34e+18,24.7424,38.9508,24.5392,39.098,24.7424,38.9508,24.5392,39.098,24.6187,39.1642,24.8219,39.017,
56.0,83.0,173.0,55.0,260.0,49.0,23.0,0.0,18.8,1127.0,1.35,7.0,7.0,4.57e+19,24.5953,39.2225,25.1601,39.2763,24.5953,39.2225,25.1601,39.2763,25.1785,39.1585,24.6141,39.1048,
59.0,116.0,206.0,42.0,285.0,35.0,18.0,0.0,12.0,630.0,0.99,6.8,6.8,1.87e+19,26.1504,39.0114,26.5141,38.8734,26.1504,39.0114,26.5141,38.8734,26.4463,38.7653,26.0827,38.9033,
61.0,264.0,354.0,50.0,260.0,40.5,20.0,0.0,15.3,810.0,1.13,6.9,6.9,2.75e+19,26.2983,38.6617,25.8345,38.6237,26.2983,38.6617,25.8345,38.6237,25.8189,38.7386,26.283,38.7767,
62.0,132.0,222.0,55.0,300.0,43.5,21.0,0.0,17.2,913.5,1.16,6.9,7.0,3.5e+19,25.667,38.3414,26.037,38.0796,25.667,38.3414,26.037,38.0796,25.9448,37.9991,25.5749,38.2609,
63.0,92.0,182.0,50.0,265.0,29.5,16.0,0.0,12.3,472.0,0.77,6.7,6.7,1.2e+19,26.0414,38.0891,26.3783,38.0799,26.0414,38.0891,26.3783,38.0799,26.3741,37.9874,26.0374,37.9967,
64.0,272.0,2.0,48.0,267.0,40.5,20.0,0.0,14.9,810.0,1.03,6.9,6.9,2.75e+19,27.1188,37.805,26.6581,37.8177,27.1188,37.805,26.6581,37.8177,26.6632,37.938,27.1243,37.9253,
65.0,96.0,186.0,45.0,270.0,32.0,17.0,0.0,12.0,544.0,0.83,6.7,6.7,1.5e+19,26.5992,37.7207,26.961,37.6906,26.5992,37.7207,26.961,37.6906,26.9466,37.5831,26.5851,37.6132,
67.0,56.0,146.0,75.0,210.0,59.0,13.5,0.0,13.0,796.5,1.21,6.9,6.9,3.18e+19,25.7988,37.3521,26.3533,37.6489,25.7988,37.3521,26.3533,37.6489,26.3754,37.6228,25.821,37.3261,
69.0,132.0,222.0,55.0,310.0,36.0,18.5,0.0,15.2,666.0,0.93,6.8,6.8,2.04e+19,24.83,37.7384,25.1338,37.5217,24.83,37.7384,25.1338,37.5217,25.0532,37.4508,24.7494,37.6675,
76.0,333.0,63.0,50.0,290.0,49.5,23.0,0.0,17.6,1138.5,1.36,7.0,7.0,4.64e+19,23.022,37.0748,22.768,37.4714,23.022,37.0748,22.768,37.4714,22.9171,37.5318,23.1708,37.1351,
77.0,341.0,71.0,50.0,280.0,31.0,16.5,0.0,12.6,511.5,0.89,6.7,6.7,1.37e+19,23.1426,36.7939,23.029,37.0575,23.1426,36.7939,23.029,37.0575,23.142,37.0886,23.2553,36.825,
78.0,342.0,72.0,50.0,280.0,35.0,18.0,0.0,13.8,630.0,0.99,6.8,6.8,1.87e+19,23.2231,36.4547,23.1019,36.7541,23.2231,36.4547,23.1019,36.7541,23.2253,36.7862,23.3463,36.4869,
79.0,320.0,50.0,50.0,300.0,36.0,18.5,0.0,14.2,666.0,1.02,6.8,6.8,2.04e+19,23.5988,36.8422,23.3384,37.0902,23.5988,36.8422,23.3384,37.0902,23.441,37.1589,23.7014,36.9109,
80.0,297.0,27.0,50.0,290.0,56.0,25.0,0.0,19.2,1400.0,1.51,7.1,7.1,6.36e+19,24.155,36.5657,23.5955,36.7943,24.155,36.5657,23.5955,36.7943,23.6772,36.9231,24.2371,36.6944,
81.0,279.0,9.0,50.0,270.0,36.0,18.5,0.0,14.2,666.0,1.02,6.8,6.8,2.04e+19,24.2422,36.814,23.8427,36.8646,24.2422,36.814,23.8427,36.8646,23.8635,36.9703,24.2633,36.9196,
82.0,77.0,167.0,50.0,250.0,46.5,22.0,0.0,16.9,1023.0,1.28,7.0,7.0,3.94e+19,24.6609,36.4881,25.168,36.5821,24.6609,36.4881,25.168,36.5821,25.2034,36.4582,24.6966,36.3641,
83.0,49.0,139.0,60.0,230.0,49.5,23.0,0.0,19.9,1138.5,1.36,7.0,7.0,4.64e+19,25.246,36.4782,25.6646,36.7702,25.246,36.4782,25.6646,36.7702,25.7491,36.6922,25.3305,36.4001,
84.0,50.0,140.0,60.0,250.0,59.0,26.0,0.0,22.5,1534.0,1.59,7.2,7.2,7.32e+19,25.6062,36.5977,26.1136,36.9387,25.6062,36.5977,26.1136,36.9387,26.2073,36.8492,25.7,36.5081,
85.0,236.0,326.0,60.0,240.0,54.0,24.5,0.0,21.2,1323.0,1.47,7.1,7.1,5.83e+19,25.9149,36.499,25.4149,36.2274,25.9149,36.499,25.4149,36.2274,25.3383,36.3188,25.8384,36.5903,
86.0,237.0,327.0,65.0,260.0,56.0,25.0,0.0,22.7,1400.0,1.51,7.1,7.1,6.34e+19,26.4386,36.7883,25.9121,36.5141,26.4386,36.7883,25.9121,36.5141,25.8475,36.5937,26.3741,36.868,
87.0,78.0,168.0,60.0,270.0,40.5,20.0,0.0,17.3,810.0,1.13,6.9,6.9,2.75e+19,26.485,36.5935,26.929,36.6693,26.485,36.5935,26.929,36.6693,26.9521,36.5813,26.5084,36.5056,
88.0,244.0,334.0,60.0,260.0,39.0,19.5,0.0,16.9,760.5,1.1,6.9,6.9,2.5e+19,27.0056,36.5526,26.6136,36.3988,27.0056,36.5526,26.6136,36.3988,26.5657,36.4776,26.9579,36.6314,
89.0,62.0,152.0,60.0,280.0,31.0,16.5,0.0,14.3,511.5,0.89,6.7,6.7,1.36312e+19,27.066,36.7235,27.3734,36.8543,27.066,36.7235,27.3734,36.8543,27.4168,36.7888,27.1095,36.6579,
90.0,265.0,355.0,43.0,258.0,27.0,15.0,4.0,14.2,405.0,0.69,6.6,6.6,9.54e+18,27.5764,36.8864,27.2739,36.8652,27.5722,36.9248,27.2697,36.9036,27.2588,37.0019,27.5616,37.0231,
91.0,141.0,231.0,50.0,260.0,37.5,19.0,0.0,14.6,712.5,1.06,6.8,6.8,2.26e+19,22.9534,36.0758,23.2155,35.8137,22.9534,36.0758,23.2155,35.8137,23.1102,35.7446,22.8479,36.0067,
92.0,330.0,60.0,50.0,270.0,46.0,22.0,0.0,16.9,1012.0,1.28,7.0,7.0,3.87e+19,23.4199,35.8169,23.1643,36.1752,23.4199,35.8169,23.1643,36.1752,23.3006,36.2388,23.556,35.8805,
93.0,143.0,233.0,50.0,260.0,32.0,17.0,0.0,13.0,544.0,0.92,6.7,6.7,1.5e+19,23.3466,36.3198,23.5612,36.0899,23.3466,36.3198,23.5612,36.0899,23.464,36.0308,23.2493,36.2606,
94.0,99.0,189.0,50.0,270.0,42.0,20.5,0.0,15.7,861.0,1.17,6.9,6.9,3.02e+19,23.5882,36.0544,24.0494,35.9953,23.5882,36.0544,24.0494,35.9953,24.0264,35.8783,23.5654,35.9373,
95.0,112.0,202.0,50.0,280.0,42.0,20.5,0.0,15.7,861.0,1.17,6.9,6.9,3.02e+19,24.4698,36.3367,24.9041,36.1953,24.4698,36.3367,24.9041,36.1953,24.849,36.0854,24.4149,36.2269,
96.0,67.0,157.0,60.0,240.0,46.5,22.0,0.0,19.1,1023.0,1.28,7.0,7.0,3.94e+19,25.1996,36.133,25.6767,36.2964,25.1996,36.133,25.6767,36.2964,25.7245,36.2053,25.2476,36.0419,
97.0,244.0,334.0,60.0,240.0,54.0,24.5,0.0,21.2,1323.0,1.47,7.1,7.1,5.83427e+19,26.4574,36.2194,25.9171,36.0066,26.4574,36.2194,25.9171,36.0066,25.8571,36.1056,26.3977,36.3185,
98.0,191.0,281.0,40.0,295.0,52.5,24.0,0.0,15.4,1260.0,1.43,7.1,7.1,5.41e+19,27.1374,36.2088,27.0261,35.7454,27.1374,36.2088,27.0261,35.7454,26.8258,35.7769,26.9365,36.2404,
99.0,240.0,330.0,42.0,308.0,39.0,19.5,0.0,13.0,760.5,1.1,6.9,6.9,2.5e+19,27.6904,36.1782,27.3145,36.0028,27.6904,36.1782,27.3145,36.0028,27.2337,36.1157,27.6098,36.291,
100.0,234.0,324.0,80.0,335.0,45.0,12.0,0.0,11.8,540.0,1.09,6.8,6.8,1.76e+19,27.0973,35.6757,26.6948,35.4379,27.0973,35.6757,26.6948,35.4379,26.6813,35.453,27.0837,35.6909,
101.0,251.0,341.0,60.0,330.0,45.0,12.0,0.0,10.4,540.0,1.09,6.8,6.8,1.76e+19,26.598,35.6559,26.1274,35.5242,26.598,35.6559,26.1274,35.5242,26.1057,35.5752,26.5764,35.7069,
102.0,266.0,356.0,55.0,270.0,32.0,17.0,0.0,13.9,544.0,0.92,6.7,6.7,1.5e+19,25.7418,35.7675,25.3881,35.7475,25.7418,35.7675,25.3881,35.7475,25.3804,35.8349,25.7344,35.855,
103.0,250.0,340.0,55.0,260.0,23.0,13.5,0.0,11.1,310.5,0.68,6.5,6.5,6.35e+18,23.5573,38.2786,23.3098,38.2078,23.5573,38.2786,23.3098,38.2078,23.2795,38.2733,23.527,38.344,
104.0,79.0,169.0,60.0,280.0,28.0,15.5,0.0,13.4,434.0,0.81,6.6,6.6,1.06e+19,22.9831,38.2658,23.298,38.3138,22.9831,38.2658,23.298,38.3138,23.3149,38.2454,23.0001,38.1974,
105.0,60.0,150.0,55.0,280.0,22.0,13.0,0.0,10.6,286.0,0.65,6.4,6.4,5.6e+18,23.044,38.1586,23.2621,38.2576,23.044,38.1586,23.2621,38.2576,23.3047,38.1995,23.0867,38.1006,
106.0,258.0,348.0,52.0,283.0,38.0,19.0,0.0,15.0,722.0,1.07,6.8,6.8,2.31e+19,23.2785,38.0875,22.854,38.0165,23.2785,38.0875,22.854,38.0165,22.826,38.1194,23.2508,38.1904,
107.0,96.0,186.0,50.0,260.0,24.0,14.0,0.0,10.7,336.0,0.71,6.5,6.5,7.17e+18,23.1293,37.9802,23.4016,37.9576,23.1293,37.9802,23.4016,37.9576,23.3908,37.8771,23.1186,37.8997,
108.0,257.0,347.0,50.0,260.0,24.0,14.0,0.0,10.7,336.0,0.71,6.5,6.5,7.16e+18,23.1029,37.8438,22.8367,37.7952,23.1029,37.8438,22.8367,37.7952,22.8136,37.8741,23.0799,37.9226,
109.0,90.0,180.0,50.0,265.0,27.0,15.0,0.0,11.5,405.0,0.78,6.6,6.6,9.54e+18,22.4059,38.4864,22.7162,38.4864,22.4059,38.4864,22.7162,38.4864,22.7161,38.3997,22.406,38.3997,
110.0,275.0,5.0,45.0,275.0,40.5,20.0,0.0,14.1,810.0,1.13,6.9,6.9,2.75e+19,22.7138,38.1231,22.2525,38.1549,22.7138,38.1231,22.2525,38.1549,22.2664,38.2816,22.7281,38.2498,
111.0,282.0,12.0,45.0,285.0,35.0,18.0,0.0,12.7,630.0,0.99,6.8,6.8,1.87e+19,22.3636,38.1628,21.9718,38.2282,22.3636,38.1628,21.9718,38.2282,22.002,38.3402,22.394,38.2747,
112.0,280.0,10.0,33.0,284.0,24.0,14.0,0.0,7.6,336.0,0.71,6.5,6.5,7.17e+18,22.2541,38.2312,21.9834,38.2686,22.2541,38.2312,21.9834,38.2686,22.0067,38.3726,22.2775,38.3351,
113.0,278.0,8.0,45.0,280.0,27.0,15.0,0.0,10.6,405.0,0.78,6.6,6.6,9.54e+18,21.6024,38.5206,21.295,38.5544,21.6024,38.5206,21.295,38.5544,21.3119,38.6489,21.6195,38.6151,
120.0,224.0,314.0,54.0,275.0,24.0,14.0,0.0,11.3,336.0,0.71,6.5,6.5,7.17e+18,20.7787,40.0746,20.5829,39.9194,20.7787,40.0746,20.5829,39.9194,20.5134,39.9708,20.7091,40.126,
125.0,84.0,174.0,89.0,330.0,33.0,10.5,0.0,10.5,346.5,0.86,6.6,6.6,8.93e+18,20.4322,39.4961,20.8148,39.5271,20.4322,39.4961,20.8148,39.5271,20.815,39.5255,20.4325,39.4945,
140.0,89.0,179.0,45.0,230.0,24.0,14.0,0.0,9.9,336.0,0.71,6.5,6.5,7.17e+18,21.2649,36.9124,21.5349,36.9162,21.2649,36.9124,21.5349,36.9162,21.5367,36.8272,21.267,36.8234,
141.0,165.0,255.0,45.0,270.0,24.0,14.0,0.0,9.9,336.0,0.71,6.5,6.5,7.17e+18,22.0065,37.2894,22.0766,37.081,22.0065,37.2894,22.0766,37.081,21.9687,37.0579,21.8985,37.2664,
142.0,197.0,287.0,45.0,283.0,27.0,15.0,0.0,10.6,405.0,0.78,6.6,6.6,9.54e+18,22.2038,37.142,22.1149,36.9098,22.2038,37.142,22.1149,36.9098,22.0007,36.9377,22.0895,37.1699,
143.0,155.0,245.0,45.0,270.0,25.5,14.5,0.0,10.3,369.8,0.75,6.5,6.5,8.3e+18,22.1232,36.8897,22.2442,36.6819,22.1232,36.8897,22.2442,36.6819,22.1399,36.6429,22.0188,36.8508,
144.0,174.0,264.0,45.0,285.0,23.0,13.5,0.0,9.5,310.5,0.68,6.5,6.5,6.35e+18,22.2564,36.6584,22.2833,36.4526,22.2564,36.6584,22.2833,36.4526,22.1771,36.4437,22.15,36.6494,
145.0,332.0,62.0,60.0,250.0,52.5,24.0,0.0,20.8,1260.0,1.43,7.1,7.1,5.41e+19,22.4749,36.9117,22.1969,37.3285,22.4749,36.9117,22.1969,37.3285,22.3166,37.3792,22.5943,36.9623,
146.0,181.0,271.0,60.0,280.0,48.0,22.5,0.0,19.5,1080.0,1.32,7.0,7.0,4.28e+19,22.7703,36.7347,22.7609,36.3031,22.7703,36.7347,22.7609,36.3031,22.6352,36.3049,22.6442,36.7365,
148.0,188.0,278.0,60.0,270.0,54.0,24.5,0.0,21.2,1323.0,1.47,7.1,7.1,5.83e+19,23.5623,35.7677,23.4792,35.2868,23.5623,35.7677,23.4792,35.2868,23.3454,35.3021,23.428,35.783,
149.0,179.0,269.0,60.0,270.0,32.0,17.0,0.0,14.7,544.0,0.92,6.7,6.7,1.5e+19,23.726,35.7044,23.7322,35.4167,23.726,35.7044,23.7322,35.4167,23.6383,35.4153,23.632,35.7031,
150.0,57.0,147.0,60.0,230.0,27.0,15.0,0.0,13.0,405.0,0.78,6.6,6.6,9.54e+18,23.3896,35.0336,23.6386,35.1659,23.3896,35.0336,23.6386,35.1659,23.6834,35.1093,23.4346,34.9771,
151.0,94.0,184.0,60.0,270.0,59.0,26.0,0.0,22.5,1534.0,1.59,7.2,7.2,7.32e+19,23.6392,35.1768,24.2866,35.1397,23.6392,35.1768,24.2866,35.1397,24.2764,35.0231,23.6294,35.0601,
152.0,95.0,185.0,60.0,270.0,37.5,19.0,0.0,16.5,712.5,1.06,6.8,6.8,2.26e+19,24.1383,35.199,24.5493,35.1697,24.1383,35.199,24.5493,35.1697,24.5401,35.0845,24.1293,35.1139,
153.0,101.0,191.0,60.0,270.0,39.0,19.5,0.0,16.9,760.5,1.1,6.9,6.9,2.5e+19,24.2984,35.1413,24.7193,35.0744,24.2984,35.1413,24.7193,35.0744,24.6987,34.9883,24.2781,35.0552,
156.0,195.0,285.0,50.0,260.0,32.0,17.0,0.0,13.0,544.0,0.92,6.7,6.7,1.5e+19,25.3783,35.3116,25.2872,35.0337,25.3783,35.3116,25.2872,35.0337,25.1712,35.0591,25.2621,35.3371,
157.0,77.0,167.0,55.0,260.0,37.5,19.0,0.0,15.6,712.5,1.06,6.8,6.8,2.26e+19,25.2942,34.9871,25.6954,35.063,25.2942,34.9871,25.6954,35.063,25.7222,34.9675,25.3212,34.8916,
158.0,209.0,299.0,70.0,210.0,45.0,12.0,0.0,11.3,540.0,1.09,6.8,6.8,1.76e+19,26.0032,35.3451,25.7632,34.9912,26.0032,35.3451,25.7632,34.9912,25.7238,35.0091,25.9637,35.363,
168.0,65.0,155.0,60.0,330.0,41.0,11.5,0.0,10.0,471.5,1.95,6.7,6.9,3.13e+19,28.9917,35.9427,29.4048,36.0985,28.9917,35.9427,29.4048,36.0985,29.4318,36.0516,29.0187,35.8958,
169.0,65.0,155.0,60.0,290.0,32.0,17.0,0.0,14.7,544.0,0.81,6.7,6.7,1.5e+19,29.6681,36.1533,29.9914,36.2749,29.6681,36.1533,29.9914,36.2749,30.0314,36.2056,29.7082,36.084,
170.0,70.0,160.0,65.0,330.0,45.0,12.0,0.0,10.9,540.0,0.96,6.8,6.8,1.76e+19,29.3422,35.8569,29.8119,35.9953,29.3422,35.8569,29.8119,35.9953,29.8311,35.9524,29.3616,35.814,
226.0,206.0,296.0,60.0,225.0,28.0,15.5,0.0,13.4,434.0,0.81,6.6,6.6,1.06e+19,25.4329,36.3963,25.296,36.1699,25.4329,36.3963,25.296,36.1699,25.2183,36.2005,25.3551,36.4268,
242.0,83.0,173.0,43.0,258.0,68.0,29.0,0.0,19.8,1972.0,1.6,7.3,7.3,1.0745e+20,27.6943,36.9957,28.4546,37.0703,27.6943,36.9957,28.4546,37.0703,28.4832,36.8809,27.7238,36.8064,
261.0,75.0,165.0,70.0,253.0,75.0,31.0,0.0,29.1,2325.0,1.98,7.4,7.4,1.38e+20,26.1346,39.4527,26.9794,39.6273,26.1346,39.4527,26.9794,39.6273,27.0111,39.5352,26.1668,39.3606,
302.0,257.0,347.0,65.0,250.0,22.0,13.0,0.0,11.8,286.0,0.59,6.4,6.4,5.60067e+18,27.0607,38.4047,26.8148,38.3602,27.0607,38.4047,26.8148,38.3602,26.8006,38.4083,27.0466,38.4528,
307.0,286.0,16.0,65.0,280.0,55.0,25.0,0.0,22.7,1375.0,1.36,7.1,7.1,6.19e+19,27.8859,38.4916,27.2779,38.6279,27.8859,38.4916,27.2779,38.6279,27.3112,38.7193,27.9196,38.5829,
308.0,308.0,38.0,65.0,300.0,27.0,15.0,0.0,13.6,405.0,0.71,6.6,6.6,9.53688e+18,27.9629,38.6164,27.7177,38.7659,27.9629,38.6164,27.7177,38.7659,27.7627,38.8108,28.0079,38.6613,
310.0,278.0,8.0,65.0,280.0,27.0,15.0,0.0,13.6,405.0,0.71,6.6,6.6,9.53688e+18,27.643,38.407,27.3361,38.4407,27.643,38.407,27.3361,38.4407,27.3461,38.4972,27.6532,38.4634,
320.0,76.0,166.0,60.0,250.0,23.0,13.5,0.0,11.7,310.5,0.62,6.5,6.5,6.35118e+18,27.2403,37.821,27.4945,37.8711,27.2403,37.821,27.4945,37.8711,27.513,37.8122,27.259,37.7621,
321.0,100.0,190.0,60.0,275.0,32.0,17.0,0.0,14.7,544.0,0.83,6.7,6.7,1.49784e+19,27.497,37.9088,27.8561,37.8588,27.497,37.9088,27.8561,37.8588,27.8392,37.7835,27.4803,37.8335,
322.0,79.0,169.0,60.0,265.0,44.0,21.0,0.0,18.2,924.0,1.1,7.0,7.0,3.36882e+19,27.8647,37.8514,28.3569,37.927,27.8647,37.8514,28.3569,37.927,28.3795,37.8343,27.8876,37.7588,
323.0,55.0,145.0,51.0,227.0,33.0,17.5,0.0,13.6,577.5,0.86,6.7,6.7,1.64125e+19,27.1561,37.6079,27.4633,37.7782,27.1561,37.6079,27.4633,37.7782,27.535,37.697,27.2279,37.5268,
324.0,301.0,31.0,80.0,207.0,41.0,11.5,0.0,11.3,471.5,0.92,6.7,6.7,1.4303e+19,27.9456,37.2138,27.5482,37.4037,27.9456,37.2138,27.5482,37.4037,27.5598,37.4191,27.9572,37.2292,
710.0,357.0,87.0,40.0,255.0,50.0,23.0,0.0,14.8,1150.0,1.36,7.1,7.1,4.692e+19,20.6585,40.8106,20.6273,41.2596,20.6585,40.8106,20.6273,41.2596,20.8374,41.2679,20.8679,40.8189,
711.0,185.0,275.0,58.0,278.0,24.0,14.0,0.0,11.9,336.0,0.67,6.5,6.5,6.7536e+18,20.8115,40.7016,20.7867,40.4866,20.8115,40.7016,20.7867,40.4866,20.6993,40.4924,20.7239,40.7074,
715.0,343.0,73.0,45.0,285.0,59.0,26.0,0.0,18.4,1534.0,1.59,7.2,7.2,7.31666e+19,21.373,41.127,21.1662,41.6344,21.373,41.127,21.1662,41.6344,21.3774,41.6827,21.5834,41.1753,
721.0,42.0,132.0,65.0,330.0,81.0,15.5,0.0,14.0,1255.5,1.7,7.1,7.1,6.40014e+19,20.2246,41.2473,20.8756,41.7886,20.2246,41.2473,20.8756,41.7886,20.9341,41.7492,20.283,41.2079,
722.0,45.0,135.0,60.0,300.0,32.0,17.0,0.0,14.7,544.0,0.92,6.7,6.7,1.49784e+19,20.8895,41.9652,21.1636,42.1686,20.8895,41.9652,21.1636,42.1686,21.2364,42.1146,20.9623,41.9111,
750.0,269.0,359.0,45.0,270.0,46.0,22.0,0.0,15.6,1012.0,1.28,7.0,7.0,3.87192e+19,23.2428,41.3744,22.6916,41.3672,23.2428,41.3744,22.6916,41.3672,22.6881,41.5071,23.2398,41.5143,
752.0,309.0,39.0,45.0,310.0,45.0,21.5,0.0,15.2,967.5,1.28,7.0,7.0,3.7152e+19,22.5637,41.4055,22.1436,41.6601,22.5637,41.4055,22.1436,41.6601,22.2585,41.7664,22.6788,41.5117,
756.0,295.0,25.0,60.0,330.0,37.0,11.0,0.0,9.5,407.0,0.94,6.6,6.6,1.14204e+19,21.665,41.8864,21.2594,42.027,21.665,41.8864,21.2594,42.027,21.2875,42.0718,21.6931,41.9312,
760.0,253.0,343.0,55.0,250.0,39.0,19.5,0.0,16.0,760.5,1.1,6.9,6.9,2.50082e+19,23.226,41.873,22.7759,41.7704,23.226,41.873,22.7759,41.7704,22.7363,41.8666,23.1866,41.9692,
761.0,287.0,17.0,60.0,300.0,30.0,16.0,0.0,13.9,480.0,0.86,6.7,6.7,1.2384e+19,23.6237,41.7985,23.2774,41.8773,23.6237,41.7985,23.2774,41.8773,23.3056,41.9461,23.6521,41.8673,
762.0,306.0,36.0,60.0,310.0,44.0,21.0,0.0,18.2,924.0,1.22,7.0,7.0,3.36882e+19,24.1707,41.6361,23.7416,41.8687,24.1707,41.6361,23.7416,41.8687,23.816,41.9451,24.2452,41.7125,
765.0,293.0,23.0,65.0,310.0,69.0,29.0,0.0,26.3,2001.0,1.83,7.3,7.3,1.09877e+20,24.5075,42.0407,23.7369,42.2831,24.5075,42.0407,23.7369,42.2831,23.7948,42.3846,24.5659,42.1421,
766.0,294.0,24.0,65.0,310.0,69.0,29.0,0.0,26.3,2001.0,1.83,7.3,7.3,1.09855e+20,25.107,41.9277,24.3435,42.1801,25.107,41.9277,24.3435,42.1801,24.4037,42.2808,25.1677,42.0284,
